,mdot,m,Z,tage,is_bh,mdot_gs,LEdd,MEdd,mdot_ratio,XLsph,XLsph2,LXtot,b,Lx,ratio,ratio_beamed,theta,theta_deg,theta_half_deg,zeta,R_g,a*,r_schw,r_isco_nospin,r_isco,r_sph,r_out,P_inflow_at_rsph,P_envelope,P_wind,P_inflow_days,P_envelope_days,P_wind_days
251,6.2,7.6,0.02,10,1,3.907711613050423e+20,9.12e+38,1.216e+19,32.13578629153308,7.718248668798954e+40,1.7266890476815428e+40,4.076612865180384e+39,0.07068788683398836,5.767060026499838e+40,4.469970246908317,63.23530730811226,0.7565011420858206,43.344322638344146,21.672161319172073,2.516447377134849,1120965.04,0.998,2.0,6.000000000000001,1.25,40.16973286441634,4415.625002871363,0.6661203344404565,8048.948929963221,412826.1543843787,7.70972609306084e-06,0.0931591311338336,4.7780804905599386
